smiles,LUMO
C4=CC5=C(C1=CC=C([N]1)C(=C2C=CC(=N2)C(=C3C=CC(=N3)C(=C4[N]5)C1=CC=CC(=C1[Cl])[Cl])C1=CC=CC(=C1[Cl])[Cl])C1=CC=CC(=C1[Cl])[Cl])C1=CC=CC(=C1[Cl])[Cl].[Co],-2.687942092
C4=CC5=C(C1=CC=C([N]1)C(=C2C=CC(=N2)C(=C3C=CC(=N3)C(=C4[N]5)C1=CC=C(C=C1)OC)C1(=C(C(=C(C(=C1[F])[F])[F])[F])[F]))C1=CC=C(C=C1)OC)C1(=C(C(=C(C(=C1[F])[F])[F])[F])[F]).[Ni],-2.837604792
C4=CC5=C(C1=CC=C([N]1)C(=C2C=CC(=N2)C(=C3C=CC(=N3)C(=C4[N]5)C1=CC(=CC=C1Cl)[Cl])C1=CC(=CC=C1Cl)[Cl])C1=CC(=CC=C1Cl)[Cl])C1=CC(=CC=C1Cl)[Cl].[Co],-2.749439856
C4=CC5=C(C1=CC=C([N]1)C(=C2C=CC(=N2)C(=C3C=CC(=N3)C(=C4[N]5)C1=CC=C(C=C1)C(=O)O)C1=CC=C(C=C1)C(=O)O)C1=CC=C(C=C1)C(=O)O)C1=CC=C(C=C1)C(=O)O.[Co],-2.837876906
C4=CC5=C(C1=CC=C([N]1[H])C(=C2C=CC(=N2)C(=C3C=CC(N3[H])=C(C4=[N]5)C1=CC=C(C=C1)C#C)C1=CC=C(C=C1)C(C)(C)C)C1=CC=C(C=C1)C#C)C1=CC=C(C=C1)C(C)(C)C ,-2.642771168
C4=CC5=C(C1=CC=C([N]1)C(=C2C=CC(=N2)C(=C3C=CC(=N3)C(=C4[N]5)C1=CC=C(C=C1)C([F])([F])[F])C1=CC=CC(=C1)OC)C1=CC=C(C=C1)C([F])([F])[F])C1=CC=CC(=C1)OC.[Co],-2.618825136
C4=CC5=C(C1=CC=C([N]1)C(=C2C=CC(=N2)C(=C3C=CC(=N3)C(=C4[N]5)C1=CC=C(C=C1)[N+](=O)[O-])C1=CC=C(C=C1)[N+](=O)[O-])C1=CC=C(C=C1)[N+](=O)[O-])C1=CC=C(C=C1)[N+](=O)[O-].[Co],-3.423466234
C4=CC5=C(C1=CC=C([N]1)C(=C2C=CC(=N2)C(=C3C=CC(=N3)C(=C4[N]5)C1=CC=C(C=C1)C#[N])C1=CC=C(C=C1)OC)C1=CC=C(C=C1)C#[N])C1=CC=C(C=C1)OC.[Mn],-2.909987116
C4=CC5=C(C1=CC=C([N]1[H])C(=C2C=CC(=N2)C(=C3C=CC(N3[H])=C(C4=[N]5)C1=CC=C(C=C1)C#[N])C1=CC=C(C=C1)C(C)(C)C)C1=CC=C(C=C1)C#[N])C1=CC=C(C=C1)C(C)(C)C ,-2.960328206
C4=CC5=C(C1=CC=C([N]1)C(=C2C=CC(=N2)C(=C3C=CC(=N3)C(=C4[N]5)C1=CC=C(C=C1)C#C)C1=CC=C(C=C1)C(C)(C)C)C1=CC=C(C=C1)C#C)C1=CC=C(C=C1)C(C)(C)C.[Ni],-2.504537256
C4=CC5=C(C1=CC=C([N]1)C(=C2C=CC(=N2)C(=C3C=CC(=N3)C(=C4[N]5)C1=CC=C(C=C1)[Br])C1=CC=C(C=C1)[N]([H])[H])C1=CC=C(C=C1)[Br])C1=CC=C(C=C1)[N]([H])[H].[Ni],-2.45038657
C4=CC5=C(C1=CC=C([N]1)C(=C2C=CC(=N2)C(=C3C=CC(=N3)C(=C4[N]5)C1=CC=C(C=C1)C#C)C1=CC=C(C=C1)[N]([H])[H])C1=CC=C(C=C1)C#C)C1=CC=C(C=C1)[N]([H])[H].[Mn],-2.689574776
C4=CC5=C(C1=CC=C([N]1)C(=C2C=CC(=N2)C(=C3C=CC(=N3)C(=C4[N]5)C1=CC=C(C=C1)[N]([H])[H])C1=CC=C(C=C1)C([F])([F])[F])C1=CC=C(C=C1)[N]([H])[H])C1=CC=C(C=C1)C([F])([F])[F].[Cu],-2.618280908
C4=CC5=C(C1=CC=C([N]1)C(=C2C=CC(=N2)C(=C3C=CC(=N3)C(=C4[N]5)C1(=C(C(=C(C(=C1[F])[F])[F])[F])[F]))C1=CC=CC(=C1)OC)C1(=C(C(=C(C(=C1[F])[F])[F])[F])[F]))C1=CC=CC(=C1)OC.[Cu],-2.889306452
C4=CC5=C(C1=CC=C([N]1)C(=C2C=CC(=N2)C(=C3C=CC(=N3)C(=C4[N]5)C1=CC=C(C=C1)[N](C)C)C1=CC=C(C=C1)C([F])([F])[F])C1=CC=C(C=C1)[N](C)C)C1=CC=C(C=C1)C([F])([F])[F].[Fe],-2.46535284
C4=CC5=C(C1=CC=C([N]1)C(=C2C=CC(=N2)C(=C3C=CC(=N3)C(=C4[N]5)C1=CC=C(C=C1)OC)C1=CC=C(C=C1)C([F])([F])[F])C1=CC=C(C=C1)OC)C1=CC=C(C=C1)C([F])([F])[F].[Ni],-2.660458578
C4=CC5=C(C1=CC=C([N]1[H])C(=C2C=CC(=N2)C(=C3C=CC(N3[H])=C(C4=[N]5)C1=CC=C(C=C1)[Br])C1=CC=C(C=C1)OC)C1=CC=C(C=C1)[Br])C1=CC=C(C=C1)OC ,-2.655288412
C4=CC5=C(C1=CC=C([N]1)C(=C2C=CC(=N2)C(=C3C=CC(=N3)C(=C4[N]5)C1=CC=C(C=C1)C(C)(C)C)C1=CC=C(C=C1)[N](C)C)C1=CC=C(C=C1)C(C)(C)C)C1=CC=C(C=C1)[N](C)C.[Co],-2.147795802
C4=CC5=C(C1=CC=C([N]1)C(=C2C=CC(=N2)C(=C3C=CC(=N3)C(=C4[N]5)C1=CC=C(C=C1)C#C)C1=CC=C(C=C1)[N+](=O)[O-])C1=CC=C(C=C1)C#C)C1=CC=C(C=C1)[N+](=O)[O-].[Co],-3.124957176
C4=CC5=C(C1=CC=C([N]1)C(=C2C=CC(=N2)C(=C3C=CC(=N3)C(=C4[N]5)C1=CC=C(C=C1)[N+](=O)[O-])C1=CC=CC(=C1)OC)C1=CC=C(C=C1)[N+](=O)[O-])C1=CC=CC(=C1)OC.[Ni],-3.044139318
C4=CC5=C(C1=CC=C([N]1[H])C(=C2C=CC(=N2)C(=C3C=CC(N3[H])=C(C4=[N]5)C1=CC=C(C=C1)[N+](=O)[O-])C1=CC=C(C=C1)C([F])([F])[F])C1=CC=C(C=C1)[N+](=O)[O-])C1=CC=C(C=C1)C([F])([F])[F] ,-3.385642388
C4=CC5=C(C1=CC=C([N]1)C(=C2C=CC(=N2)C(=C3C=CC(=N3)C(=C4[N]5)C1=CC=C(C=C1)[N](C)C)C1(=C(C(=C(C(=C1[F])[F])[F])[F])[F]))C1=CC=C(C=C1)[N](C)C)C1(=C(C(=C(C(=C1[F])[F])[F])[F])[F]).[Cu],-2.7483514
C4=CC5=C(C1=CC=C([N]1)C(=C2C=CC(=N2)C(=C3C=CC(=N3)C(=C4[N]5)C1=CC=C(C=C1)C#C)C1=CC=C(C=C1)C([F])([F])[F])C1=CC=C(C=C1)C#C)C1=CC=C(C=C1)C([F])([F])[F].[Mn],-2.95651861
C4=CC5=C(C1=CC=C([N]1)C(=C2C=CC(=N2)C(=C3C=CC(=N3)C(=C4[N]5)C1=CC=C(C=C1)C(C)(C)C)C1=CC=C(C=C1)[N]([H])[H])C1=CC=C(C=C1)C(C)(C)C)C1=CC=C(C=C1)[N]([H])[H].[Co],-2.192422498
C4=CC5=C(C1=CC=C([N]1)C(=C2C=CC(=N2)C(=C3C=CC(=N3)C(=C4[N]5)C1=CC=C(C=C1)[Br])C1=CC=C(C=C1)[N]([H])[H])C1=CC=C(C=C1)[Br])C1=CC=C(C=C1)[N]([H])[H].[Mn],-2.741820664
C4=CC5=C(C1=CC=C([N]1)C(=C2C=CC(=N2)C(=C3C=CC(=N3)C(=C4[N]5)C1=CC=C(C=C1)C#C)C1=CC=C(C=C1)OC)C1=CC=C(C=C1)C#C)C1=CC=C(C=C1)OC.[Ni],-2.487666188
C4=CC5=C(C1=CC=C([N]1)C(=C2C=CC(=N2)C(=C3C=CC(=N3)C(=C4[N]5)C1=CC=C(C=C1)C2=CC=CC=C2)C1=CC=C(C=C1)C2=CC=CC=C2)C1=CC=C(C=C1)C2=CC=CC=C2)C1=CC=C(C=C1)C2=CC=CC=C2.[Co],-2.425079968
C4=CC5=C(C1=CC=C([N]1)C(=C2C=CC(=N2)C(=C3C=CC(=N3)C(=C4[N]5)C1=CC=C(C=C1)C#[N])C1=CC=C(C=C1)C#C)C1=CC=C(C=C1)C#[N])C1=CC=C(C=C1)C#C.[Cu],-3.031894188
C4=CC5=C(C1=CC=C([N]1)C(=C2C=CC(=N2)C(=C3C=CC(=N3)C(=C4[N]5)C1=CC=C(C=C1)C#C)C1=CC=C(C=C1)[Br])C1=CC=C(C=C1)C#C)C1=CC=C(C=C1)[Br].[Fe],-3.184005914
C4=CC5=C(C1=CC=C([N]1)C(=C2C=CC(=N2)C(=C3C=CC(=N3)C(=C4[N]5)C1=CC=C(C=C1)[N+](=O)[O-])C1=CC=CC(=C1)OC)C1=CC=C(C=C1)[N+](=O)[O-])C1=CC=CC(=C1)OC.[Cu],-3.14427727
C4=CC5=C(C1=CC=C([N]1)C(=C2C=CC(=N2)C(=C3C=CC(=N3)C(=C4[N]5)C1=CC=C(C=C1)C#[N])C1=CC=C(C=C1)[N+](=O)[O-])C1=CC=C(C=C1)C#[N])C1=CC=C(C=C1)[N+](=O)[O-].[Cu],-3.416663384
C4=CC5=C(C1=CC=C([N]1)C(=C2C=CC(=N2)C(=C3C=CC(=N3)C(=C4[N]5)C1=CC=C(C=C1)[N]([H])[H])C1=CC=C(C=C1)[N+](=O)[O-])C1=CC=C(C=C1)[N]([H])[H])C1=CC=C(C=C1)[N+](=O)[O-].[Ni],-3.010125068
C4=CC5=C(C1=CC=C([N]1)C(=C2C=CC(=N2)C(=C3C=CC(=N3)C(=C4[N]5)C1=CC=C(C=C1)[N](C)C)C1=CC=C(C=C1)[N]([H])[H])C1=CC=C(C=C1)[N](C)C)C1=CC=C(C=C1)[N]([H])[H].[Cu],-2.120040174
C4=CC5=C(C1=CC=C([N]1)C(=C2C=CC(=N2)C(=C3C=CC(=N3)C(=C4[N]5)C1=CC=C(C=C1)OC)C1=CC=C(C=C1)[N]([H])[H])C1=CC=C(C=C1)OC)C1=CC=C(C=C1)[N]([H])[H].[Co],-2.175279316
C4=CC5=C(C1=CC=C([N]1)C(=C2C=CC(=N2)C(=C3C=CC(=N3)C(=C4[N]5)C1=CC=C(C=C1)C(C)(C)C)C1=CC=C(C=C1)[N]([H])[H])C1=CC=C(C=C1)C(C)(C)C)C1=CC=C(C=C1)[N]([H])[H].[Ni],-2.21228682
C4=CC5=C(C1=CC=C([N]1)C(=C2C=CC(=N2)C(=C3C=CC(=N3)C(=C4[N]5)C1=CC=C(C=C1)[N](C)C)C1=CC=C(C=C1)[N]([H])[H])C1=CC=C(C=C1)[N](C)C)C1=CC=C(C=C1)[N]([H])[H].[Fe],-2.573109984
