smiles,LUMO,pre_E_gap,HOMO,E_gap
C4=CC5=C(C1=CC=C([N]1)C(=C2C=CC(=N2)C(=C3C=CC(=N3)C(=C4[N]5)C1=CC=CC(=C1[Cl])[Cl])C1=CC=CC(=C1[Cl])[Cl])C1=CC=CC(=C1[Cl])[Cl])C1=CC=CC(=C1[Cl])[Cl].[Co],-2.6879420919999997,2.8659909,-5.683645117999999,2.995703026
C4=CC5=C(C1=CC=C([N]1)C(=C2C=CC(=N2)C(=C3C=CC(=N3)C(=C4[N]5)C1=CC=C(C=C1)OC)C1(=C(C(=C(C(=C1[F])[F])[F])[F])[F]))C1=CC=C(C=C1)OC)C1(=C(C(=C(C(=C1[F])[F])[F])[F])[F]).[Ni],-2.837604792,2.8461316,-5.682828776,2.8452239839999995
C4=CC5=C(C1=CC=C([N]1)C(=C2C=CC(=N2)C(=C3C=CC(=N3)C(=C4[N]5)C1=CC(=CC=C1Cl)[Cl])C1=CC(=CC=C1Cl)[Cl])C1=CC(=CC=C1Cl)[Cl])C1=CC(=CC=C1Cl)[Cl].[Co],-2.7494398560000004,2.890335,-5.725822787999999,2.976382932
C4=CC5=C(C1=CC=C([N]1)C(=C2C=CC(=N2)C(=C3C=CC(=N3)C(=C4[N]5)C1=CC=C(C=C1)C(=O)O)C1=CC=C(C=C1)C(=O)O)C1=CC=C(C=C1)C(=O)O)C1=CC=C(C=C1)C(=O)O.[Co],-2.8378769060000004,2.8063717,-5.761469722,2.923592816
C4=CC5=C(C1=CC=C([N]1[H])C(=C2C=CC(=N2)C(=C3C=CC(N3[H])=C(C4=[N]5)C1=CC=C(C=C1)C#C)C1=CC=C(C=C1)C(C)(C)C)C1=CC=C(C=C1)C#C)C1=CC=C(C=C1)C(C)(C)C ,-2.6427711680000003,2.6416473,-5.243908894,2.601137726
C4=CC5=C(C1=CC=C([N]1)C(=C2C=CC(=N2)C(=C3C=CC(=N3)C(=C4[N]5)C1=CC=C(C=C1)C([F])([F])[F])C1=CC=CC(=C1)OC)C1=CC=C(C=C1)C([F])([F])[F])C1=CC=CC(=C1)OC.[Co],-2.618825136,2.83646,-5.530989164,2.9121640280000003
C4=CC5=C(C1=CC=C([N]1)C(=C2C=CC(=N2)C(=C3C=CC(=N3)C(=C4[N]5)C1=CC=C(C=C1)[N+](=O)[O-])C1=CC=C(C=C1)[N+](=O)[O-])C1=CC=C(C=C1)[N+](=O)[O-])C1=CC=C(C=C1)[N+](=O)[O-].[Co],-3.4234662339999997,2.7677376,-6.243927844,2.82046161
C4=CC5=C(C1=CC=C([N]1)C(=C2C=CC(=N2)C(=C3C=CC(=N3)C(=C4[N]5)C1=CC=C(C=C1)C#[N])C1=CC=C(C=C1)OC)C1=CC=C(C=C1)C#[N])C1=CC=C(C=C1)OC.[Mn],-2.9099871160000004,2.6465385,-5.584323508,2.674336392
C4=CC5=C(C1=CC=C([N]1[H])C(=C2C=CC(=N2)C(=C3C=CC(N3[H])=C(C4=[N]5)C1=CC=C(C=C1)C#[N])C1=CC=C(C=C1)C(C)(C)C)C1=CC=C(C=C1)C#[N])C1=CC=C(C=C1)C(C)(C)C ,-2.9603282060000002,2.614877,-5.57425529,2.613927084
C4=CC5=C(C1=CC=C([N]1)C(=C2C=CC(=N2)C(=C3C=CC(=N3)C(=C4[N]5)C1=CC=C(C=C1)C#C)C1=CC=C(C=C1)C(C)(C)C)C1=CC=C(C=C1)C#C)C1=CC=C(C=C1)C(C)(C)C.[Ni],-2.504537256,2.8510633,-5.347312214,2.842774958
C4=CC5=C(C1=CC=C([N]1)C(=C2C=CC(=N2)C(=C3C=CC(=N3)C(=C4[N]5)C1=CC=C(C=C1)[Br])C1=CC=C(C=C1)[N]([H])[H])C1=CC=C(C=C1)[Br])C1=CC=C(C=C1)[N]([H])[H].[Ni],-2.45038657,2.8180397,-5.23003108,2.77964451
C4=CC5=C(C1=CC=C([N]1)C(=C2C=CC(=N2)C(=C3C=CC(=N3)C(=C4[N]5)C1=CC=C(C=C1)C#C)C1=CC=C(C=C1)[N]([H])[H])C1=CC=C(C=C1)C#C)C1=CC=C(C=C1)[N]([H])[H].[Mn],-2.689574776,2.3367245,-5.1698938860000005,2.48031911
C4=CC5=C(C1=CC=C([N]1)C(=C2C=CC(=N2)C(=C3C=CC(=N3)C(=C4[N]5)C1=CC=C(C=C1)[N]([H])[H])C1=CC=C(C=C1)C([F])([F])[F])C1=CC=C(C=C1)[N]([H])[H])C1=CC=C(C=C1)C([F])([F])[F].[Cu],-2.618280908,2.7573476,-5.32663155,2.708350642
C4=CC5=C(C1=CC=C([N]1)C(=C2C=CC(=N2)C(=C3C=CC(=N3)C(=C4[N]5)C1(=C(C(=C(C(=C1[F])[F])[F])[F])[F]))C1=CC=CC(=C1)OC)C1(=C(C(=C(C(=C1[F])[F])[F])[F])[F]))C1=CC=CC(=C1)OC.[Cu],-2.889306452,2.848382,-5.70759115,2.8182846980000003
C4=CC5=C(C1=CC=C([N]1)C(=C2C=CC(=N2)C(=C3C=CC(=N3)C(=C4[N]5)C1=CC=C(C=C1)[N](C)C)C1=CC=C(C=C1)C([F])([F])[F])C1=CC=C(C=C1)[N](C)C)C1=CC=C(C=C1)C([F])([F])[F].[Fe],-2.46535284,2.2781336,-5.153294932,2.6879420919999997
C4=CC5=C(C1=CC=C([N]1)C(=C2C=CC(=N2)C(=C3C=CC(=N3)C(=C4[N]5)C1=CC=C(C=C1)OC)C1=CC=C(C=C1)C([F])([F])[F])C1=CC=C(C=C1)OC)C1=CC=C(C=C1)C([F])([F])[F].[Ni],-2.660458578,2.8618512,-5.44091943,2.780460852
C4=CC5=C(C1=CC=C([N]1[H])C(=C2C=CC(=N2)C(=C3C=CC(N3[H])=C(C4=[N]5)C1=CC=C(C=C1)[Br])C1=CC=C(C=C1)OC)C1=CC=C(C=C1)[Br])C1=CC=C(C=C1)OC ,-2.655288412,2.6014364,-5.270031838,2.614743426
C4=CC5=C(C1=CC=C([N]1)C(=C2C=CC(=N2)C(=C3C=CC(=N3)C(=C4[N]5)C1=CC=C(C=C1)C(C)(C)C)C1=CC=C(C=C1)[N](C)C)C1=CC=C(C=C1)C(C)(C)C)C1=CC=C(C=C1)[N](C)C.[Co],-2.147795802,2.7349684,-4.939141214,2.791345412
C4=CC5=C(C1=CC=C([N]1)C(=C2C=CC(=N2)C(=C3C=CC(=N3)C(=C4[N]5)C1=CC=C(C=C1)C#C)C1=CC=C(C=C1)[N+](=O)[O-])C1=CC=C(C=C1)C#C)C1=CC=C(C=C1)[N+](=O)[O-].[Co],-3.124957176,2.7638469,-5.880927767999999,2.7559705919999997
C4=CC5=C(C1=CC=C([N]1)C(=C2C=CC(=N2)C(=C3C=CC(=N3)C(=C4[N]5)C1=CC=C(C=C1)[N+](=O)[O-])C1=CC=CC(=C1)OC)C1=CC=C(C=C1)[N+](=O)[O-])C1=CC=CC(=C1)OC.[Ni],-3.044139318,2.748046,-5.746503452000001,2.7023641339999998
C4=CC5=C(C1=CC=C([N]1[H])C(=C2C=CC(=N2)C(=C3C=CC(N3[H])=C(C4=[N]5)C1=CC=C(C=C1)[N+](=O)[O-])C1=CC=C(C=C1)C([F])([F])[F])C1=CC=C(C=C1)[N+](=O)[O-])C1=CC=C(C=C1)C([F])([F])[F] ,-3.385642388,2.646932,-5.98922914,2.603586752
C4=CC5=C(C1=CC=C([N]1)C(=C2C=CC(=N2)C(=C3C=CC(=N3)C(=C4[N]5)C1=CC=C(C=C1)[N](C)C)C1(=C(C(=C(C(=C1[F])[F])[F])[F])[F]))C1=CC=C(C=C1)[N](C)C)C1(=C(C(=C(C(=C1[F])[F])[F])[F])[F]).[Cu],-2.7483513999999998,2.6619787,-5.288807704,2.540456304
C4=CC5=C(C1=CC=C([N]1)C(=C2C=CC(=N2)C(=C3C=CC(=N3)C(=C4[N]5)C1=CC=C(C=C1)C#C)C1=CC=C(C=C1)C([F])([F])[F])C1=CC=C(C=C1)C#C)C1=CC=C(C=C1)C([F])([F])[F].[Mn],-2.95651861,2.7648861,-5.6958902479999995,2.739371638
C4=CC5=C(C1=CC=C([N]1)C(=C2C=CC(=N2)C(=C3C=CC(=N3)C(=C4[N]5)C1=CC=C(C=C1)C(C)(C)C)C1=CC=C(C=C1)[N]([H])[H])C1=CC=C(C=C1)C(C)(C)C)C1=CC=C(C=C1)[N]([H])[H].[Co],-2.192422498,2.729178,-5.02322444,2.830801942
C4=CC5=C(C1=CC=C([N]1)C(=C2C=CC(=N2)C(=C3C=CC(=N3)C(=C4[N]5)C1=CC=C(C=C1)[Br])C1=CC=C(C=C1)[N]([H])[H])C1=CC=C(C=C1)[Br])C1=CC=C(C=C1)[N]([H])[H].[Mn],-2.7418206639999996,2.7304752,-5.222684002,2.4808633380000003
C4=CC5=C(C1=CC=C([N]1)C(=C2C=CC(=N2)C(=C3C=CC(=N3)C(=C4[N]5)C1=CC=C(C=C1)C#C)C1=CC=C(C=C1)OC)C1=CC=C(C=C1)C#C)C1=CC=C(C=C1)OC.[Ni],-2.487666188,2.8316205,-5.30758357,2.819917382
C4=CC5=C(C1=CC=C([N]1)C(=C2C=CC(=N2)C(=C3C=CC(=N3)C(=C4[N]5)C1=CC=C(C=C1)C2=CC=CC=C2)C1=CC=C(C=C1)C2=CC=CC=C2)C1=CC=C(C=C1)C2=CC=CC=C2)C1=CC=C(C=C1)C2=CC=CC=C2.[Co],-2.425079968,2.8070118,-5.308672026,2.883592058
C4=CC5=C(C1=CC=C([N]1)C(=C2C=CC(=N2)C(=C3C=CC(=N3)C(=C4[N]5)C1=CC=C(C=C1)C#[N])C1=CC=C(C=C1)C#C)C1=CC=C(C=C1)C#[N])C1=CC=C(C=C1)C#C.[Cu],-3.0318941880000003,2.8326821,-5.815620407999999,2.78372622
C4=CC5=C(C1=CC=C([N]1)C(=C2C=CC(=N2)C(=C3C=CC(=N3)C(=C4[N]5)C1=CC=C(C=C1)C#C)C1=CC=C(C=C1)[Br])C1=CC=C(C=C1)C#C)C1=CC=C(C=C1)[Br].[Fe],-3.1840059139999997,2.316855,-5.54704389,2.3630379759999998
C4=CC5=C(C1=CC=C([N]1)C(=C2C=CC(=N2)C(=C3C=CC(=N3)C(=C4[N]5)C1=CC=C(C=C1)[N+](=O)[O-])C1=CC=CC(=C1)OC)C1=CC=C(C=C1)[N+](=O)[O-])C1=CC=CC(=C1)OC.[Cu],-3.14427727,2.7205408,-5.731265068,2.586987798
C4=CC5=C(C1=CC=C([N]1)C(=C2C=CC(=N2)C(=C3C=CC(=N3)C(=C4[N]5)C1=CC=C(C=C1)C#[N])C1=CC=C(C=C1)[N+](=O)[O-])C1=CC=C(C=C1)C#[N])C1=CC=C(C=C1)[N+](=O)[O-].[Cu],-3.4166633839999996,2.7392287,-6.182702194,2.76603881
C4=CC5=C(C1=CC=C([N]1)C(=C2C=CC(=N2)C(=C3C=CC(=N3)C(=C4[N]5)C1=CC=C(C=C1)[N]([H])[H])C1=CC=C(C=C1)[N+](=O)[O-])C1=CC=C(C=C1)[N]([H])[H])C1=CC=C(C=C1)[N+](=O)[O-].[Ni],-3.0101250680000002,2.485755,-5.46677026,2.456645192
C4=CC5=C(C1=CC=C([N]1)C(=C2C=CC(=N2)C(=C3C=CC(=N3)C(=C4[N]5)C1=CC=C(C=C1)[N](C)C)C1=CC=C(C=C1)[N]([H])[H])C1=CC=C(C=C1)[N](C)C)C1=CC=C(C=C1)[N]([H])[H].[Cu],-2.120040174,2.6836824,-4.801179416,2.681139242
C4=CC5=C(C1=CC=C([N]1)C(=C2C=CC(=N2)C(=C3C=CC(=N3)C(=C4[N]5)C1=CC=C(C=C1)OC)C1=CC=C(C=C1)[N]([H])[H])C1=CC=C(C=C1)OC)C1=CC=C(C=C1)[N]([H])[H].[Co],-2.175279316,2.782692,-4.916555752,2.741276436
C4=CC5=C(C1=CC=C([N]1)C(=C2C=CC(=N2)C(=C3C=CC(=N3)C(=C4[N]5)C1=CC=C(C=C1)C(C)(C)C)C1=CC=C(C=C1)[N]([H])[H])C1=CC=C(C=C1)C(C)(C)C)C1=CC=C(C=C1)[N]([H])[H].[Ni],-2.21228682,2.7350578,-5.012611993999999,2.8003251739999997
C4=CC5=C(C1=CC=C([N]1)C(=C2C=CC(=N2)C(=C3C=CC(=N3)C(=C4[N]5)C1=CC=C(C=C1)[N](C)C)C1=CC=C(C=C1)[N]([H])[H])C1=CC=C(C=C1)[N](C)C)C1=CC=C(C=C1)[N]([H])[H].[Fe],-2.5731099840000002,2.2934546,-4.787573716,2.214463732
